rs,chr,pos,Z
rs3095611,16,52483447,-0.818089545972002
rs9933242,16,52495720,-0.919192590326366
rs1420548,16,52506172,-0.291542573774508
rs43143,16,52522449,-3.40360860337899
rs187679,16,52522717,-3.05424222567978
rs9926539,16,52528727,-2.74620539710843
rs1111481,16,52532355,-3.35887935652789
rs8051542,16,52534167,3.4219796039909
rs4784220,16,52535810,3.87158360687375
rs9933638,16,52539597,1.85583900323327
rs9302556,16,52543645,1.95519472818143
rs8046979,16,52555742,-2.1149178284265
rs1420533,16,52563626,-1.75133066843628
